Date/Time,IP,City,State,Country,Country_Code,Latitude,Longitude,ISP
2025-03-04 11:09:56,103.176.152.10,Bangkok,Bangkok,Thailand,TH,13.75336,100.50483,"Data Center Experts, LTD"
2025-03-05 14:25:09,119.235.52.59,Unauthorized IP Address Detected
2025-03-05 21:54:42,2401:4900:1cb2:55a0:d181:4d01:daf2:77c6,Unauthorized IP Address Detected
2025-03-05 21:54:44,2401:4900:1cb2:55a0:d181:4d01:daf2:77c6,Unauthorized IP Address Detected
2025-03-06 09:34:13,119.235.52.59,Hyderabad,Telangana,India,IN,17.40650,78.47724,Route Object
2025-03-06 09:34:17,119.235.52.59,Unauthorized IP Address Detected
2025-03-06 10:19:06,127.0.0.1,Unauthorized IP Address Detected
2025-03-06 10:19:07,119.235.52.59,Hyderabad,Telangana,India,IN,17.40650,78.47724,Route Object
2025-03-06 10:19:12,127.0.0.1,Unauthorized IP Address Detected
2025-03-06 10:19:13,119.235.52.59,Hyderabad,Telangana,India,IN,17.40650,78.47724,Route Object
2025-03-06 10:39:35,119.235.52.59,Hyderabad,Telangana,India,17.40650,78.47724,Route Object
2025-03-06 10:39:39,119.235.52.59,Hyderabad,Telangana,India,17.40650,78.47724,Route Object
2025-03-06 10:39:41,119.235.52.59,Hyderabad,Telangana,India,17.40650,78.47724,Route Object
2025-03-06 11:21:09,119.235.52.59,Hyderabad,Telangana,India,17.40650,78.47724,Route Object
2025-03-06 11:21:12,119.235.52.59,Hyderabad,Telangana,India,17.40650,78.47724,Route Object
2025-03-06 11:21:15,119.235.52.59,Hyderabad,Telangana,India,17.40650,78.47724,Route Object
2025-03-06 11:25:39,119.235.52.59,Hyderabad,Telangana,India,17.40650,78.47724,Route Object
2025-03-06 11:25:45,119.235.52.59,Hyderabad,Telangana,India,17.40650,78.47724,Route Object
2025-03-06 11:25:47,119.235.52.59,Hyderabad,Telangana,India,17.40650,78.47724,Route Object
2025-03-06 12:11:29,119.235.52.59,Hyderabad,Telangana,India,17.40650,78.47724,Route Object
2025-03-06 12:11:32,119.235.52.59,Hyderabad,Telangana,India,17.40650,78.47724,Route Object
2025-03-06 12:11:34,119.235.52.59,Hyderabad,Telangana,India,17.40650,78.47724,Route Object
2025-03-06 12:12:04,119.235.52.59,Hyderabad,Telangana,India,17.40650,78.47724,Route Object
2025-03-06 12:12:07,119.235.52.59,Hyderabad,Telangana,India,17.40650,78.47724,Route Object
2025-03-06 12:12:29,119.235.52.59,Suspicious Input Detected
2025-03-06 12:12:30,119.235.52.59,Hyderabad,Telangana,India,17.40650,78.47724,Route Object
2025-03-06 12:12:33,119.235.52.59,Hyderabad,Telangana,India,17.40650,78.47724,Route Object
2025-03-06 12:12:35,119.235.52.59,Hyderabad,Telangana,India,17.40650,78.47724,Route Object
2025-03-07 12:03:10,2401:4900:4fe0:6e09:d0f6:468a:74f5:3587,Gurugram,Haryana,India,28.44324,77.05501,Bharti Airtel Limited
2025-03-07 12:03:18,2401:4900:4fe0:6e09:d0f6:468a:74f5:3587,Gurugram,Haryana,India,28.44324,77.05501,Bharti Airtel Limited
2025-03-07 12:03:20,2401:4900:4fe0:6e09:d0f6:468a:74f5:3587,Gurugram,Haryana,India,28.44324,77.05501,Bharti Airtel Limited
2025-03-07 13:31:27,27.59.60.173,Bengaluru,Karnataka,India,12.97620,77.60330,airtel.com
2025-03-07 13:31:32,27.59.60.173,Bengaluru,Karnataka,India,12.97620,77.60330,airtel.com
2025-03-07 13:31:37,27.59.60.173,Bengaluru,Karnataka,India,12.97620,77.60330,airtel.com
2025-03-07 16:36:29,Unknown,Unknown,Unknown,Unknown,Unknown,Unknown,Unknown
2025-03-07 16:36:34,Unknown,Unknown,Unknown,Unknown,Unknown,Unknown,Unknown
2025-03-07 16:36:35,Unknown,Unknown,Unknown,Unknown,Unknown,Unknown,Unknown
2025-03-07 16:39:31,27.59.60.173,Bengaluru,Karnataka,India,12.97620,77.60330,airtel.com
2025-03-07 16:39:38,27.59.60.173,Bengaluru,Karnataka,India,12.97620,77.60330,airtel.com
2025-03-07 16:39:42,27.59.60.173,Bengaluru,Karnataka,India,12.97620,77.60330,airtel.com
2025-03-07 17:30:54,2401:4900:4e1a:a08b:7893:555c:6f08:d080,Gurugram,Haryana,India,28.44324,77.05501,Bharti Airtel Limited
2025-03-07 17:30:57,2401:4900:4e1a:a08b:7893:555c:6f08:d080,Gurugram,Haryana,India,28.44324,77.05501,Bharti Airtel Limited
2025-03-07 17:31:01,2401:4900:4e1a:a08b:7893:555c:6f08:d080,Gurugram,Haryana,India,28.44324,77.05501,Bharti Airtel Limited
2025-03-07 17:39:04,2401:4900:4e1a:a08b:7893:555c:6f08:d080,Gurugram,Haryana,India,28.44324,77.05501,Bharti Airtel Limited
2025-03-07 17:39:09,2401:4900:4e1a:a08b:7893:555c:6f08:d080,Gurugram,Haryana,India,28.44324,77.05501,Bharti Airtel Limited
2025-03-07 17:39:12,2401:4900:4e1a:a08b:7893:555c:6f08:d080,Gurugram,Haryana,India,28.44324,77.05501,Bharti Airtel Limited
2025-03-07 17:46:57,2401:4900:4e1a:a08b:7893:555c:6f08:d080,Gurugram,Haryana,India,28.44324,77.05501,Bharti Airtel Limited
2025-03-07 17:47:07,2401:4900:4e1a:a08b:7893:555c:6f08:d080,Gurugram,Haryana,India,28.44324,77.05501,Bharti Airtel Limited
2025-03-07 17:47:19,2401:4900:4e1a:a08b:7893:555c:6f08:d080,Gurugram,Haryana,India,28.44324,77.05501,Bharti Airtel Limited
2025-03-07 17:52:58,2401:4900:4e1a:a08b:7893:555c:6f08:d080,Gurugram,Haryana,India,28.44324,77.05501,Bharti Airtel Limited
2025-03-07 17:53:03,2401:4900:4e1a:a08b:7893:555c:6f08:d080,Gurugram,Haryana,India,28.44324,77.05501,Bharti Airtel Limited
2025-03-07 17:53:06,2401:4900:4e1a:a08b:7893:555c:6f08:d080,Gurugram,Haryana,India,28.44324,77.05501,Bharti Airtel Limited
2025-03-08 00:23:02,Unknown,Unknown,Unknown,Unknown,Unknown,Unknown,Unknown
2025-03-08 00:23:04,Unknown,Unknown,Unknown,Unknown,Unknown,Unknown,Unknown
2025-03-08 00:23:05,Unknown,Unknown,Unknown,Unknown,Unknown,Unknown,Unknown
2025-03-08 06:51:43,2401:4900:92e5:1045:a19b:6186:359d:eaeb,Gurugram,Haryana,India,28.44324,77.05501,Bharti Airtel Limited
2025-03-08 06:51:46,2401:4900:92e5:1045:a19b:6186:359d:eaeb,Gurugram,Haryana,India,28.44324,77.05501,Bharti Airtel Limited
2025-03-08 06:51:48,2401:4900:92e5:1045:a19b:6186:359d:eaeb,Gurugram,Haryana,India,28.44324,77.05501,Bharti Airtel Limited
2025-03-08 07:06:32,2401:4900:92e5:1045:a19b:6186:359d:eaeb,Gurugram,Haryana,India,28.44324,77.05501,Bharti Airtel Limited
2025-03-08 07:06:36,2401:4900:92e5:1045:a19b:6186:359d:eaeb,Gurugram,Haryana,India,28.44324,77.05501,Bharti Airtel Limited
2025-03-08 07:06:39,2401:4900:92e5:1045:a19b:6186:359d:eaeb,Gurugram,Haryana,India,28.44324,77.05501,Bharti Airtel Limited
2025-03-08 07:08:09,2401:4900:92e5:1045:a19b:6186:359d:eaeb,Gurugram,Haryana,India,28.44324,77.05501,Bharti Airtel Limited
2025-03-08 07:08:13,2401:4900:92e5:1045:a19b:6186:359d:eaeb,Gurugram,Haryana,India,28.44324,77.05501,Bharti Airtel Limited
2025-03-08 07:27:00,2401:4900:92e5:1045:a19b:6186:359d:eaeb,Gurugram,Haryana,India,28.44324,77.05501,Bharti Airtel Limited
2025-03-08 07:27:03,2401:4900:92e5:1045:a19b:6186:359d:eaeb,Gurugram,Haryana,India,28.44324,77.05501,Bharti Airtel Limited
2025-03-08 07:30:42,2401:4900:92e5:1045:a19b:6186:359d:eaeb,Gurugram,Haryana,India,28.44324,77.05501,Bharti Airtel Limited
2025-03-08 07:30:47,2401:4900:92e5:1045:a19b:6186:359d:eaeb,Gurugram,Haryana,India,28.44324,77.05501,Bharti Airtel Limited
2025-03-08 08:05:11,2401:4900:92e8:e120:c5cc:925c:418a:158c,Gurugram,Haryana,India,28.44324,77.05501,Bharti Airtel Limited
2025-03-08 08:05:16,2401:4900:92e8:e120:c5cc:925c:418a:158c,Gurugram,Haryana,India,28.44324,77.05501,Bharti Airtel Limited
2025-03-08 08:05:19,2401:4900:92e8:e120:c5cc:925c:418a:158c,Gurugram,Haryana,India,28.44324,77.05501,Bharti Airtel Limited
